"Yeartaken","MeanPeakAmVolume","MeanPeakPmVolume","MeanAADT","City"
2011,2843.91128183619,3041.923515016,49140.2014440292,"Galway"
2012,2688.89141301048,2946.05640746562,47677.6187193665,"Galway"
2013,4557,5870,71380.8589294191,"Galway"
2014,4292,5603,75045.4347529144,"Galway"
2015,4500,6338,73177.2246575342,"Galway"
2016,5123,6779,79517.9836065574,"Galway"
